Pre Corona Bodily Claim Sev,Corona Bodily Claim Sev
14392.18256615848,
14909.561919042078,
14617.400240477484,
16147.025374881725,
15072.363929757737,
14813.981694911783,
15319.827198161875,
16016.73423553751,
,17113.949004490034
,18872.105088135257
